"","지번주소","lon","lat","아파트"
"1","충청남도 천안시 와촌동 173",127.144504,36.807438,"신동아파밀리에"
"2","충청남도 천안시 성정동 823",127.133597,36.822074,"선경"
"3","충청남도 천안시 성정동 892",127.132594,36.821036,"건일(892)"
"4","충청남도 천안시 성정동 785",127.13403,36.825454,"주공6-1"
"5","충청남도 천안시 성정동 1292",127.137996,36.828372,"에프엠21"
"6","충청남도 천안시 성정동 1322",127.140927,36.828802,"프라지움3차"
"7","충청남도 천안시 성정동 413-13",127.135923,36.823865,"현대1"
"8","충청남도 천안시 성정동 413-13",127.135923,36.823865,"현대2"
"9","충청남도 천안시 성정동 643",127.141782,36.823128,"대우목화1"
"10","충청남도 천안시 성정동 643",127.141782,36.823128,"대우목화2"
"11","충청남도 천안시 성정동 643",127.141782,36.823128,"대우목화3"
"12","충청남도 천안시 성정동 1475",127.140752,36.827227,"리슈빌디에스"
"13","충청남도 천안시 성정동 696-4",127.140521,36.81717,"성정활림2목련"
"14","충청남도 천안시 성정동 1345",127.141745,36.828722,"프라지움7차"
"15","충청남도 천안시 성정동 717",127.138611,36.81497,"주공5-1"
"16","충청남도 천안시 성정동 717",127.138611,36.81497,"주공5-2"
"17","충청남도 천안시 성정동 1474",127.140775,36.827437,"해피드림2차"
"18","충청남도 천안시 성정동 1270",127.138195,36.829939,"프라지움6차"
"19","충청남도 천안시 성정동 1513",127.138261,36.827654,"서올하우스"
"20","충청남도 천안시 성정동 789",127.134357,36.822905,"주공6-3"
"21","충청남도 천안시 성정동 1323",127.141707,36.829722,"프라지움8차"
"22","충청남도 천안시 성정동 1523",127.137953,36.82783,"학산리젠다빌-2차-A동"
"23","충청남도 천안시 성정동 1347",127.141647,36.828365,"평화로운나날"
"24","충청남도 천안시 백석동 1193",127.124917,36.829771,"백석더샵아파트"
"25","충청남도 천안시 백석동 900",127.120554,36.81945,"호반리젠시빌"
"26","충청남도 천안시 백석동 1007",127.122357,36.832562,"백석리슈빌"
"27","충청남도 천안시 백석동 941",127.124882,36.832632,"백석마을아이파크"
"28","충청남도 천안시 백석동 924",127.114373,36.826068,"백석벽산블루밍2차"
"29","충청남도 천안시 백석동 930",127.115691,36.829005,"브라운스톤"
"30","충청남도 천안시 백석동 1200",127.125801,36.827719,"천안백석3차IPARK"
"31","충청남도 천안시 백석동 890",127.12204,36.822064,"그린빌2"
"32","충청남도 천안시 백석동 1178",127.121391,36.825255,"백석2차아이파크"
"33","충청남도 천안시 백석동 979",127.121689,36.829853,"천안백석푸르지오"
"34","충청남도 천안시 백석동 191-3",127.125725,36.82159,"현대"
"35","충청남도 천안시 백석동 915",127.119479,36.822084,"그린빌1차"
"36","충청남도 천안시 백석동 919",127.114059,36.824929,"백석벽산블루밍1차"
"37","충청남도 천안시 두정동 526-1",127.131998,36.829483,"극동늘푸른"
"38","충청남도 천안시 두정동 1078",127.137054,36.838305,"계룡리슈빌"
"39","충청남도 천안시 두정동 1864",127.132779,36.838111,"우성"
"40","충청남도 천안시 두정동 1320",127.14105,36.833242,"프라지움2"
"41","충청남도 천안시 두정동 1886",127.133354,36.837633,"한성필하우스-1"
"42","충청남도 천안시 두정동 1593",127.142903,36.838234,"두정3푸르지오"
"43","충청남도 천안시 두정동 525-1",127.144597,36.834493,"대우그린"
"44","충청남도 천안시 두정동 527",127.143111,36.836204,"주공그린(8단지)"
"45","충청남도 천안시 두정동 2045",127.151012,36.82982,"두정역이안더센트럴"
"46","충청남도 천안시 두정동 1359",127.138585,36.830522,"벨라지오"
"47","충청남도 천안시 두정동 2055",127.129585,36.837844,"이편한세상-천안두정2차"
"48","충청남도 천안시 두정동 2035",127.147123,36.834308,"한성필하우스3차"
"49","충청남도 천안시 두정동 1373",127.139969,36.831022,"에프엠22"
"50","충청남도 천안시 두정동 1315",127.139247,36.832685,"에프엠20"
"51","충청남도 천안시 두정동 2037",127.15048,36.833834,"두정역푸르지오"
"52","충청남도 천안시 두정동 665",127.130137,36.828133,"서해그랑블"
"53","충청남도 천안시 두정동 1221",127.140939,36.834855,"이편한세상"
"54","충청남도 천안시 두정동 2056",127.151599,36.827527,"두정역코아루스위트"
"55","충청남도 천안시 두정동 1000",127.134844,36.836377,"한성필하우스1차"
"56","충청남도 천안시 두정동 1596",127.146833,36.838192,"우남1차"
"57","충청남도 천안시 두정동 605",127.128367,36.828172,"세광엔리치빌3"
"58","충청남도 천안시 두정동 1080",127.139608,36.8383,"경남아너스빌(대아아이투빌-1)"
"59","충청남도 천안시 두정동 666",127.130202,36.829641,"두정4차푸르지오"
"60","충청남도 천안시 두정동 2063",127.155372,36.831958,"e편한세상두정3차"
"61","충청남도 천안시 두정동 603",127.128677,36.829659,"세광엔리치빌2"
"62","충청남도 천안시 두정동 2010",127.128733,36.834679,"두정5차푸르지오"
"63","충청남도 천안시 두정동 606",127.128333,36.827019,"부경파크빌"
"64","충청남도 천안시 성성동 697",127.133543,36.84045,"천안레이크타운2차푸르지오"
"65","충청남도 천안시 차암동 442",127.103599,36.843807,"e편한세상스마일시티"
"66","충청남도 천안시 차암동 550",127.106729,36.845652,"천안스마일시티효성해링턴플레이스"
"67","충청남도 천안시 차암동 448",127.10166,36.841566,"천안한화꿈에그린스마일시티"
"68","충청남도 천안시 차암동 543",127.107939,36.847478,"e편한세상스마일시티2차"
"69","충청남도 천안시 쌍용동 567",127.124907,36.797339,"시영2차근로복지"
"70","충청남도 천안시 쌍용동 1367",127.116773,36.800195,"월봉청솔1단지"
"71","충청남도 천안시 쌍용동 1289",127.124957,36.801113,"주공7단지3차"
"72","충청남도 천안시 쌍용동 1282",127.124745,36.802723,"주공7단지2차"
"73","충청남도 천안시 쌍용동 1363-1",127.124595,36.792525,"해누리선경"
"74","충청남도 천안시 쌍용동 2100",127.120006,36.809818,"파크밸리동일하이빌"
"75","충청남도 천안시 쌍용동 1561",127.11623,36.793785,"월봉청솔2차"
"76","충청남도 천안시 쌍용동 389-3",127.131835,36.795327,"현대1"
"77","충청남도 천안시 쌍용동 1923",127.117524,36.802406,"용암동아벽산"
"78","충청남도 천안시 쌍용동 2045",127.121896,36.791176,"현대6차1단지"
"79","충청남도 천안시 쌍용동 1914",127.121646,36.806008,"주공9"
"80","충청남도 천안시 쌍용동 1547",127.116832,36.796031,"월봉일성5"
"81","충청남도 천안시 쌍용동 1538",127.116357,36.79842,"월봉벽산"
"82","충청남도 천안시 쌍용동 1538",127.116357,36.79842,"월봉태영"
"83","충청남도 천안시 쌍용동 889",127.131445,36.80636,"대우타워"
"84","충청남도 천안시 쌍용동 1920",127.119278,36.805404,"쌍용마을뜨란채,주공아파트"
"85","충청남도 천안시 쌍용동 566",127.125258,36.798145,"세경개나리"
"86","충청남도 천안시 쌍용동 1273",127.121832,36.795877,"상록수현대"
"87","충청남도 천안시 쌍용동 2041",127.124282,36.791781,"현대6차2단지"
"88","충청남도 천안시 쌍용동 848",127.130612,36.808906,"일성"
"89","충청남도 천안시 쌍용동 1233",127.128196,36.801608,"광명"
"90","충청남도 천안시 쌍용동 652",127.12361,36.79796,"일성3차(능수)"
"91","충청남도 천안시 쌍용동 380-4",127.132508,36.79668,"경동"
"92","충청남도 천안시 쌍용동 788",127.131238,36.809856,"일성2"
"93","충청남도 천안시 쌍용동 653",127.122296,36.799705,"쌍용모란"
"94","충청남도 천안시 쌍용동 2075",127.116207,36.787257,"쌍용자이"
"95","충청남도 천안시 쌍용동 2050",127.118709,36.790979,"쌍용역푸르지오"
"96","충청남도 천안시 쌍용동 565",127.124029,36.799221,"한라동백"
"97","충청남도 천안시 쌍용동 379-33",127.133016,36.797059,"이화"
"98","충청남도 천안시 쌍용동 1279",127.122295,36.803077,"라이프타운"
"99","충청남도 천안시 쌍용동 388-2",127.130389,36.796005,"현대3"
"100","충청남도 천안시 쌍용동 1361",127.123622,36.794014,"계룡푸른마을"
"101","충청남도 천안시 쌍용동 1548",127.115442,36.795606,"월봉대우"
"102","충청남도 천안시 불당동 757",127.109289,36.808538,"불당아이파크"
"103","충청남도 천안시 불당동 1503",127.10292,36.820152,"불당이안"
"104","충청남도 천안시 불당동 820",127.111531,36.805763,"대동다숲"
"105","충청남도 천안시 불당동 1811",127.10351,36.806913,"불당호반베르디움TheFirst"
"106","충청남도 천안시 불당동 750",127.113103,36.808169,"동일하이빌"
"107","충청남도 천안시 불당동 780",127.116909,36.806023,"호반리젠시빌스위트"
"108","충청남도 천안시 불당동 787",127.116072,36.803329,"대원칸타빌"
"109","충청남도 천안시 불당동 1270",127.113605,36.800982,"한화꿈에그린"
"110","충청남도 천안시 불당동 1498",127.106216,36.821444,"천안불당 지웰푸르지오"
"111","충청남도 천안시 불당동 788",127.113585,36.802663,"불당한성필하우스"
"112","충청남도 천안시 불당동 1613",127.10401,36.812151,"천안불당호반써밋플레이스"
"113","충청남도 천안시 불당동 741",127.112316,36.811414,"천안불당우방아이유쉘트윈팰리스"
"114","충청남도 천안시 불당동 1292",127.101052,36.799831,"펜타포트(101동102동)"
"115","충청남도 천안시 성환읍 성월리 150",127.135943,36.918106,"현대한솔"
"116","충청남도 천안시 성환읍 성월리 95-7",127.133853,36.912971,"아포리예미원"
"117","충청남도 천안시 성환읍 매주리 312",127.131354,36.912098,"성환삼풍"
"118","충청남도 천안시 성환읍 매주리 183",127.134426,36.902815,"성환부영"
"119","충청남도 천안시 성환읍 매주리 182-10",127.132489,36.901722,"천안성환e-편한세상"
"120","충청남도 천안시 성환읍 매주리 319-1",127.129065,36.913255,"성환골드"
"121","충청남도 천안시 성환읍 매주리 244-13",127.134496,36.904226,"부영"
"122","충청남도 천안시 성환읍 율금리 773",127.107699,36.899317,"두진그린힐"
"123","충청남도 천안시 성환읍 율금리 447-2",127.107699,36.899317,"이화"
"124","충청남도 천안시 성환읍 율금리 507-4",127.107699,36.899317,"대영한아름"
"125","충청남도 천안시 성환읍 수향리 214-9",127.151603,36.943852,"근로자복지"
"126","충청남도 천안시 성환읍 수향리 466-5",127.13169,36.955759,"한미래"
"127","충청남도 천안시 성거읍 천흥리 429",127.202113,36.872421,"장미근로복지"
"128","충청남도 천안시 성거읍 오목리 58",127.20696,36.888674,"금정샛별"
"129","충청남도 천안시 성거읍 저리 26-7",127.200366,36.881743,"아느칸빌"
"130","충청남도 천안시 성거읍 저리 53-2",127.200366,36.881743,"삼일원앙"
"131","충청남도 천안시 성거읍 저리 1-3",127.202689,36.881844,"청호포도마을"
"132","충청남도 천안시 성거읍 문덕리 231-6",127.181045,36.876073,"하늘빛"
"133","충청남도 천안시 성거읍 요방리 160-22",127.181869,36.851727,"육영원룸"
"134","충청남도 천안시 성거읍 요방리 268-1",127.176472,36.850973,"늘푸른동해"
"135","충청남도 천안시 성거읍 신월리 2-26",127.157737,36.877138,"천안삼환나우빌"
"136","충청남도 천안시 성거읍 신월리 3-3",127.158285,36.878739,"성거벽산"
"137","충청남도 천안시 직산읍 군서리 428-3",127.143578,36.89519,"청호"
"138","충청남도 천안시 직산읍 수헐리 16-1",127.139122,36.894008,"직산부영"
"139","충청남도 천안시 직산읍 삼은리 72-19",127.152191,36.880122,"청림"
"140","충청남도 천안시 직산읍 삼은리 70",127.154498,36.87974,"직산한도"
"141","충청남도 천안시 직산읍 삼은리 72-4",127.152241,36.879699,"일진"
"142","충청남도 천안시 직산읍 삼은리 74-3",127.150263,36.879976,"직산세광엔리치빌1차2단지"
"143","충청남도 천안시 직산읍 상덕리 107",127.124322,36.894872,"직산산호"
"144","충청남도 천안시 직산읍 부송리 152-16",127.128884,36.877338,"청솔"
"145","충청남도 천안시 직산읍 모시리 206-13",127.127142,36.869774,"우성8차"
"146","충청남도 천안시 직산읍 모시리 253-38",127.119255,36.869685,"동보호수마을"
"147","충청남도 천안시 입장면 기로리 86-1",127.250013,36.909762,"주성레이크빌"
"148","충청남도 천안시 입장면 도림리 341-1",127.245078,36.915227,"한성"
"149","충청남도 천안시 입장면 신덕리 200-21",127.209594,36.912264,"연합"
"150","충청남도 천안시 입장면 신두리 393-17",127.199976,36.912913,"거봉"
"151","충청남도 천안시 성정동 659-1",127.141814,36.82162,"화승"
"152","충청남도 천안시 성정동 1317",127.140774,36.829691,"프라지움5차"
"153","충청남도 천안시 성정동 1438",127.141328,36.826168,"학산리젠다빌3차"
"154","충청남도 천안시 성정동 690-2",127.143595,36.819453,"삼풍빌라"
"155","충청남도 천안시 백석동 658-69",127.113097,36.824327,"백석동펜타폴리스5차"
"156","충청남도 천안시 두정동 1377",127.140197,36.830604,"프라지움9차"
"157","충청남도 천안시 두정동 1481",127.144197,36.832341,"아델리아"
"158","충청남도 천안시 두정동 1466",127.142079,36.832769,"두정역펜타폴리스"
"159","충청남도 천안시 두정동 1896",127.130128,36.836502,"대주파크빌(101동)"
"160","충청남도 천안시 두정동 530",127.14307,36.834775,"대우2차"
"161","충청남도 천안시 성성동 696",127.132772,36.842669,"천안레이크타운푸르지오"
"162","충청남도 천안시 쌍용동 861",127.129073,36.808436,"시영1차근로복지"
"163","충청남도 천안시 쌍용동 380-3",127.131824,36.796205,"극동"
"164","충청남도 천안시 쌍용동 2077",127.114323,36.78607,"쌍용동일하이빌"
"165","충청남도 천안시 쌍용동 2040",127.127039,36.793675,"범양마더빌"
"166","충청남도 천안시 쌍용동 1552",127.113961,36.795862,"월봉현대"
"167","충청남도 천안시 불당동 1546",127.101326,36.814817,"천안불당린스트라우스2단지"
"168","충청남도 천안시 불당동 1846",127.10468,36.803319,"불당호반써밋플레이스센터시티"
"169","충청남도 천안시 불당동 1497",127.103434,36.822002,"불당리더힐스"
"170","충청남도 천안시 불당동 1289",127.101376,36.798288,"펜타포트(103동)"
"171","충청남도 천안시 불당동 737",127.111101,36.810546,"메가트로피"
"172","충청남도 천안시 불당동 1426",127.109112,36.800882,"불당풍림아이원아파트"
"173","충청남도 천안시 신당동 284-1",127.159375,36.853391,"신당코아루"
"174","충청남도 천안시 신당동 377-10",127.157911,36.852548,"조승"
"175","충청남도 천안시 성환읍 성월리 147-1",127.137604,36.917594,"미산라이프아파트"
"176","충청남도 천안시 성환읍 매주리 311-9",127.131109,36.911232,"중앙"
"177","충청남도 천안시 성거읍 천흥리 425-1",127.20254,36.873487,"성거백승"
"178","충청남도 천안시 성거읍 저리 252",127.200366,36.881743,"저리보금자리"
"179","충청남도 천안시 직산읍 군서리 428-5",127.143621,36.896231,"청호7차"
"180","충청남도 천안시 직산읍 삼은리 72-41",127.152266,36.879144,"직산세광엔리치빌1차1단지"
"181","충청남도 천안시 직산읍 삼은리 69-14",127.155945,36.87986,"정석"
"182","충청남도 천안시 입장면 하장리 84",127.220176,36.911868,"연합초원"
"183","충청남도 천안시 불당동 1548",127.10484,36.814886,"천안불당지웰더샵"
"184","충청남도 천안시 불당동 1544",127.106548,36.814544,"천안 불당 지웰시티푸르지오 1단지"
"185","충청남도 천안시 성환읍 매주리 244-5",127.134664,36.905248,"부영사랑으로"
"186","충청남도 천안시 성환읍 매주리 324-1",127.12982,36.911836,"건주참조은"
"187","충청남도 천안시 직산읍 군동리 39",127.166868,36.895825,"희홍밸러-뷰"
"188","충청남도 천안시 직산읍 삼은리 59-7",127.159451,36.880361,"청호6차"
"189","충청남도 천안시 직산읍 모시리 242-5",127.120848,36.861225,"대림"
"190","충청남도 천안시 성정동 719-1",127.136592,36.815106,"장군(맨션)"
"191","충청남도 천안시 두정동 1449",127.143737,36.831796,"센텀타워"
"192","충청남도 천안시 두정동 1607",127.146966,36.837255,"우남2차"
"193","충청남도 천안시 불당동 1614",127.105719,36.811818,"천안 불당 지웰시티푸르지오 2단지"
"194","충청남도 천안시 성환읍 성월리 103-7",127.133353,36.914169,"지성보금자리"
"195","충청남도 천안시 성거읍 천흥리 533-5",127.205519,36.877825,"진성"
"196","충청남도 천안시 직산읍 삼은리 395",127.152989,36.878199,"직산코아루"
"197","충청남도 천안시 직산읍 부송리 60-3",127.139196,36.876057,"청호4차"
"198","충청남도 천안시 쌍용동 657",127.122,36.797613,"일성다래"
"199","충청남도 천안시 쌍용동 2134",127.119786,36.792007,"천안쌍용역코오롱하늘채"
"200","충청남도 천안시 불당동 1494",127.107942,36.819115,"불당파크푸르지오2단지"
"201","충청남도 천안시 불당동 1545",127.101699,36.81625,"천안불당린스트라우스1단지"
"202","충청남도 천안시 직산읍 상덕리 429",127.125357,36.891098,"한아름"
"203","충청남도 천안시 성정동 1522",127.137923,36.827583,"학산리젠다빌-2차-B동"
"204","충청남도 천안시 성정동 1335",127.141658,36.829419,"하이스타운3차"
"205","충청남도 천안시 두정동 1464",127.142135,36.831698,"아크로텔천안두정"
"206","충청남도 천안시 신당동 705",127.15033,36.854935,"e편한세상천안부성"
"207","충청남도 천안시 성환읍 성월리 26-2",127.141356,36.918095,"태양"
"208","충청남도 천안시 성환읍 매주리 314-1",127.132912,36.912305,"미성"
"209","충청남도 천안시 성환읍 송덕리 55-12",127.118163,36.923384,"영흥"
"210","충청남도 천안시 성거읍 저리 319-31",127.200366,36.881743,"스윗트리"
"211","충청남도 천안시 성정동 658-1",127.141943,36.822018,"대우성정프라자"
"212","충청남도 천안시 두정동 1293",127.140551,36.833342,"천안펜타폴리스2차"
"213","충청남도 천안시 쌍용동 1241",127.128139,36.79991,"쌍용두산위브"
"214","충청남도 천안시 성정동 141-3",127.143447,36.81663,"활림1차"
"215","충청남도 천안시 성정동 1433",127.142394,36.825918,"프라지움10차아파트"
"216","충청남도 천안시 불당동 1492",127.108514,36.821001,"불당파크푸르지오1단지"
"217","충청남도 천안시 성거읍 송남리 14",127.200253,36.872442,"송죽"
"218","충청남도 천안시 쌍용동 2047",127.126555,36.793285,"범양마더빌2차"
"219","충청남도 천안시 두정동 1486",127.143225,36.832631,"두정미소마을"
"220","충청남도 천안시 성성동 827",127.122212,36.842438,"천안시티자이"
"221","충청남도 천안시 성정동 1308",127.140526,36.82845,"더리치빌"
"222","충청남도 천안시 두정동 1898",127.13056,36.836335,"대주파크빌(102동)"
"223","충청남도 천안시 두정동 1418",127.143587,36.830097,"해피드림4차"
"224","충청남도 천안시 성환읍 매주리 425-11",127.129547,36.909585,"혜성"
"225","충청남도 천안시 성거읍 신월리 467",127.148814,36.872961,"직산역꿈에그린"
"226","충청남도 천안시 성정동 1562",127.149382,36.817765,"천안역우방아이유쉘"
"227","충청남도 천안시 두정동 1417",127.143614,36.830314,"해피드림3차"
"228","충청남도 천안시 성정동 313-23",127.143646,36.81823,"우영"
"229","충청남도 천안시 성정동 122-2",127.14651,36.814197,"한도"
"230","충청남도 천안시 백석동 868",127.125354,36.822157,"천안베스트빌2차"
"231","충청남도 천안시 백석동 870",127.125276,36.821815,"천안베스트빌3차"
"232","충청남도 천안시 성환읍 성환리 356-19",127.130391,36.91643,"조양"
"233","충청남도 천안시 두정동 1283",127.138837,36.832835,"프라지움"
"234","충청남도 천안시 불당동 1510",127.10232,36.818176,"호반 베르디움 센트로 포레"
"235","충청남도 천안시 성거읍 저리 65-2",127.200366,36.881743,"쁘띠노블레스"
"236","충청남도 천안시 두정동 401-1",127.156748,36.837163,"e편한세상두정4차"
"237","충청남도 천안시 불당동 713",127.109156,36.810506,"이노스위트"
"238","충청남도 천안시 성환읍 성환리 449-106",127.128658,36.915076,"만경근생(449-106)"
"239","충청남도 천안시 성환읍 매주리 370-21",127.121107,36.904687,"개나리"
"240","충청남도 천안시 직산읍 삼은리 575",127.1494,36.881279,"한양수자인비다펠리즈"
"241","충청남도 천안시 성정동 1324",127.142171,36.829465,"모아엘가워너비"
"242","충청남도 천안시 성정동 698-1",127.138473,36.817701,"대우성촌프라자"
"243","충청남도 천안시 두정동 1409",127.143103,36.83013,"두정래미안"
"244","충청남도 천안시 직산읍 삼은리 584",127.148118,36.882178,"직산한양수자인아이림아파트"
"245","충청남도 천안시 성정동 1435",127.14174,36.825884,"프라지움11차아파트"
"246","충청남도 천안시 두정동 1475",127.142999,36.832426,"라사리아"
"247","충청남도 천안시 직산읍 삼은리 76-67",127.148034,36.878958,"브리엔츠아파트"
"248","충청남도 천안시 성정동 1357",127.141789,36.828083,"엔젤팰리스"
"249","충청남도 천안시 두정동 1413",127.143542,36.830845,"첼시빌"
"250","충청남도 천안시 불당동 687",127.111459,36.811707,"불당오딧세이"
"251","충청남도 천안시 성환읍 성월리 111-13",127.134556,36.915095,"성환부자마을"
"252","충청남도 천안시 성정동 1289",127.138622,36.828593,"골든브릿지"
"253","충청남도 천안시 두정동 1416-1",127.143575,36.830687,"리첸스"
"254","충청남도 천안시 성정동 1453",127.141321,36.826887,"스위스캐슬"
"255","충청남도 천안시 불당동 1466",127.106062,36.822964,"천안불당금호어울림"
"256","충청남도 천안시 두정동 2078",127.143312,36.833441,"두정역효성해링턴플레이스"
"257","충청남도 천안시 직산읍 삼은리 300",127.151227,36.878098,"아람타워"
"258","충청남도 천안시 성성동 969",127.127101,36.840478,"천안레이크타운3차푸르지오"
"259","충청남도 천안시 와촌동 100-2",127.143781,36.806342,"천안신성미소시티"
"260","충청남도 천안시 성정동 948",127.134232,36.819384,"영웅파크빌"
"261","충청남도 천안시 직산읍 삼은리 591",127.153701,36.883068,"직산월드메르디앙레이크파크"
"262","충청남도 천안시 입장면 하장리 4-1",127.226793,36.913842,"아스트레아파트"
"263","충청남도 천안시 와촌동 186",127.144216,36.808745,"천안역사동아라이크텐"
"264","충청남도 천안시 성정동 642-3",127.143007,36.824113,"지정마을"
"265","충청남도 천안시 성정동 628-11",127.141653,36.824146,"건일(628-11)"
"266","충청남도 천안시 성정동 696-1",127.140392,36.817802,"경성훼미리"
"267","충청남도 천안시 불당동 1515",127.105653,36.817529,"엘에이치천년나무7단지"
"268","충청남도 천안시 직산읍 삼은리 69-18",127.156531,36.879458,"신광"
"269","충청남도 천안시 두정동 2068",127.143312,36.833441,"한화포레나천안두정"
"270","충청남도 천안시 성거읍 송남리 585",127.198546,36.86687,"북천안자이포레스트"
"271","충청남도 천안시 문화동 81-1",127.150229,36.809511,"류진시티"
"272","충청남도 천안시 문화동 63-9",127.150485,36.808776,"거송그랑데리움"
"273","충청남도 천안시 영성동 154-12",127.15163,36.796733,"금성2"
"274","충청남도 천안시 원성동 539-1",127.160888,36.802606,"영웅"
"275","충청남도 천안시 원성동 559-15",127.158653,36.802571,"극동"
"276","충청남도 천안시 구성동 525",127.155971,36.796726,"구성휴먼시아"
"277","충청남도 천안시 구성동 259",127.163806,36.792801,"신성천안미소지움"
"278","충청남도 천안시 구성동 293-21",127.16183,36.793802,"쌍용"
"279","충청남도 천안시 청수동 219-4",127.153905,36.797396,"현대"
"280","충청남도 천안시 청수동 183",127.153116,36.790453,"극동2차"
"281","충청남도 천안시 청수동 261",127.157702,36.791899,"청솔엘지에스케이"
"282","충청남도 천안시 청수동 209",127.155276,36.791452,"극동1차"
"283","충청남도 천안시 청당동 466",127.147546,36.785887,"청수 포레나(FORENA)"
"284","충청남도 천안시 청당동 456",127.147772,36.78368,"우미린"
"285","충청남도 천안시 청당동 440",127.156024,36.779111,"청당마을벽산블루밍"
"286","충청남도 천안시 청당동 458",127.150727,36.783233,"한양수자인"
"287","충청남도 천안시 청당동 606",127.158475,36.787228,"중흥S클래스산운마을"
"288","충청남도 천안시 청당동 436",127.141438,36.778668,"청당마을신도브래뉴"
"289","충청남도 천안시 봉명동 213-1",127.134197,36.805563,"성지"
"290","충청남도 천안시 봉명동 494",127.132522,36.810997,"봉명청솔(3차)"
"291","충청남도 천안시 봉명동 204-9",127.134417,36.810638,"대우목화(5차)"
"292","충청남도 천안시 봉명동 9",127.141468,36.805039,"우영"
"293","충청남도 천안시 봉명동 57-4",127.138801,36.806486,"두경"
"294","충청남도 천안시 다가동 578",127.140039,36.7972,"일봉산해피트리"
"295","충청남도 천안시 다가동 381-1",127.14038,36.800417,"활림3차크로바"
"296","충청남도 천안시 다가동 30",127.148906,36.792392,"주공4단지"
"297","충청남도 천안시 다가동 26-1",127.148639,36.794619,"웰스빌"
"298","충청남도 천안시 다가동 440-10",127.13624,36.797279,"신성"
"299","충청남도 천안시 다가동 27-2",127.150541,36.793951,"아트빌"
"300","충청남도 천안시 다가동 526",127.145148,36.80239,"서해그랑블"
"301","충청남도 천안시 다가동 444-3",127.137765,36.797268,"일봉공원한화꿈에그린"
"302","충청남도 천안시 용곡동 596",127.133585,36.787652,"용곡한라비발디"
"303","충청남도 천안시 용곡동 595",127.139972,36.792759,"용곡동우림필유"
"304","충청남도 천안시 용곡동 575",127.137205,36.79211,"용곡마을동일하이빌(1단지)"
"305","충청남도 천안시 용곡동 583",127.138152,36.780905,"용곡마을세광2차엔리치타워"
"306","충청남도 천안시 용곡동 334",127.144591,36.794718,"용곡마을아이파크"
"307","충청남도 천안시 용곡동 600",127.13701,36.788548,"용곡삼성쉐르빌"
"308","충청남도 천안시 용곡동 482-16",127.131984,36.789311,"용곡더쉴"
"309","충청남도 천안시 용곡동 609",127.138966,36.790138,"용곡동일하이빌하이씨티4단지"
"310","충청남도 천안시 용곡동 571",127.140651,36.780151,"용곡1차세광엔리치타워"
"311","충청남도 천안시 신방동 920",127.126312,36.787486,"초원그린타운"
"312","충청남도 천안시 신방동 895",127.132292,36.792447,"두레현대1"
"313","충청남도 천안시 신방동 1557",127.13287,36.776284,"신방한성필하우스"
"314","충청남도 천안시 신방동 874",127.130623,36.792541,"성지새말2"
"315","충청남도 천안시 신방동 909",127.129935,36.78719,"한라동백2"
"316","충청남도 천안시 신방동 905",127.130041,36.789274,"향촌현대"
"317","충청남도 천안시 신방동 873",127.130065,36.794111,"성지새말1"
"318","충청남도 천안시 신방동 22",127.132994,36.794671,"현대2"
"319","충청남도 천안시 신방동 869",127.131836,36.793953,"신동아목련"
"320","충청남도 천안시 신방동 897",127.130275,36.790957,"두레현대2"
"321","충청남도 천안시 신방동 1893",127.13369,36.771043,"신방한라비발디"
"322","충청남도 천안시 신방동 902",127.119945,36.789657,"삼일원앙"
"323","충청남도 천안시 신방동 1911",127.13189,36.771954,"신방푸르지오"
"324","충청남도 천안시 신방동 935",127.127286,36.791799,"신방동대주피오레"
"325","충청남도 천안시 신방동 228-22",127.137835,36.773593,"현대"
"326","충청남도 천안시 쌍용동 553-1",127.132281,36.802456,"임광"
"327","충청남도 천안시 쌍용동 555-2",127.132803,36.80116,"쌍용신성"
"328","충청남도 천안시 신부동 495-8",127.161917,36.82029,"한화"
"329","충청남도 천안시 신부동 970",127.154947,36.821639,"방죽안휴먼시아"
"330","충청남도 천안시 신부동 545",127.158956,36.823712,"대림한들"
"331","충청남도 천안시 신부동 889-1",127.150292,36.821888,"청광플러스원"
"332","충청남도 천안시 신부동 451-8",127.152856,36.818198,"스카이타워"
"333","충청남도 천안시 신부동 672",127.16085,36.821533,"대림한숲"
"334","충청남도 천안시 신부동 541",127.15421,36.823763,"동아태조"
"335","충청남도 천안시 신부동 544",127.156546,36.823759,"대림한내"
"336","충청남도 천안시 신부동 497-2",127.162242,36.82002,"중앙"
"337","충청남도 천안시 신부동 85",127.157491,36.815338,"경남아너스빌"
"338","충청남도 천안시 안서동 304-1",127.188934,36.838025,"동보스타빌"
"339","충청남도 천안시 안서동 365-3",127.188934,36.838025,"안서금호어울림"
"340","충청남도 천안시 안서동 223-3",127.188934,36.838025,"고운여의주"
"341","충청남도 천안시 안서동 181",127.188934,36.838025,"대림1차이편한세상"
"342","충청남도 천안시 목천읍 서리 73-1",127.234231,36.783561,"재동타워"
"343","충청남도 천안시 목천읍 신계리 134-3",127.210463,36.772517,"목천이수프라임"
"344","충청남도 천안시 목천읍 신계리 422",127.193881,36.772017,"천안목천동우1차"
"345","충청남도 천안시 목천읍 신계리 166-36",127.210331,36.776746,"목천신도브래뉴2차"
"346","충청남도 천안시 목천읍 신계리 103-4",127.215557,36.771473,"목천신도브래뉴1차"
"347","충청남도 천안시 목천읍 신계리 127-2",127.208455,36.771033,"천안목천협성엠파이어"
"348","충청남도 천안시 목천읍 삼성리 9-12",127.177721,36.759407,"원앙마을부영1차"
"349","충청남도 천안시 목천읍 삼성리 9-6",127.177064,36.761239,"원앙마을부영2차"
"350","충청남도 천안시 북면 연춘리 123-3",127.249495,36.769444,"금오"
"351","충청남도 천안시 북면 상동리 91-6",127.268926,36.769858,"중앙"
"352","충청남도 천안시 병천면 가전리 68-3",127.288033,36.764694,"신한"
"353","충청남도 천안시 병천면 탑원리 109-1",127.316171,36.764395,"레이크팰리스"
"354","충청남도 천안시 오룡동 123-9",127.151918,36.805804,"씨타운"
"355","충청남도 천안시 원성동 558-1",127.155457,36.802483,"우성6"
"356","충청남도 천안시 원성동 529-11",127.163189,36.80417,"태성산호"
"357","충청남도 천안시 원성동 481-1",127.162285,36.807981,"초원라이프"
"358","충청남도 천안시 원성동 480-7",127.160762,36.808242,"한신"
"359","충청남도 천안시 구성동 388-72",127.159471,36.793218,"구성I-PARK"
"360","충청남도 천안시 구성동 442-6",127.162187,36.79683,"동원"
"361","충청남도 천안시 다가동 520",127.144418,36.802851,"한성"
"362","충청남도 천안시 용곡동 605",127.13644,36.790284,"용곡동일하이빌하이씨티3단지"
"363","충청남도 천안시 쌍용동 554",127.132852,36.802183,"대우목화4"
"364","충청남도 천안시 신부동 859",127.151318,36.823593,"우방"
"365","충청남도 천안시 신부동 978",127.156595,36.82799,"힐스테이트천안신부"
"366","충청남도 천안시 신부동 507-1",127.163226,36.818035,"새한(5)"
"367","충청남도 천안시 안서동 211",127.188934,36.838025,"부경파크빌2차"
"368","충청남도 천안시 목천읍 서리 58-1",127.233969,36.782795,"재동보라"
"369","충청남도 천안시 목천읍 운전리 380-3",127.229792,36.772212,"연합초원"
"370","충청남도 천안시 목천읍 응원리 66-14",127.18956,36.770296,"세광엔리치빌1차"
"371","충청남도 천안시 성남면 석곡리 351-4",127.224143,36.738988,"태영그린"
"372","충청남도 천안시 병천면 병천리 308",127.295228,36.760611,"아우네아파트"
"373","충청남도 천안시 병천면 병천리 302",127.295741,36.759756,"병천모드니에"
"374","충청남도 천안시 병천면 탑원리 110",127.314997,36.764524,"중앙"
"375","충청남도 천안시 영성동 155-3",127.151913,36.797419,"금성1"
"376","충청남도 천안시 원성동 598-1",127.154413,36.800609,"우성(주택)"
"377","충청남도 천안시 원성동 126-2",127.157778,36.805383,"로얄비둘기"
"378","충청남도 천안시 구성동 300-6",127.162076,36.792692,"향목그라비스"
"379","충청남도 천안시 청수동 267",127.149198,36.789128,"경남아너스빌"
"380","충청남도 천안시 청당동 609",127.159664,36.788849,"산운마을부영사랑으로"
"381","충청남도 천안시 봉명동 212-2",127.133388,36.805474,"대우목화(6차)"
"382","충청남도 천안시 봉명동 60-54",127.1371,36.808399,"봉명동선경"
"383","충청남도 천안시 신방동 783-8",127.119479,36.787743,"보광그랑베르"
"384","충청남도 천안시 신부동 58-24",127.163782,36.814779,"동남로얄"
"385","충청남도 천안시 신부동 900",127.151379,36.821344,"우방유쉘"
"386","충청남도 천안시 신부동 56-20",127.16457,36.814949,"신부동극동아파트"
"387","충청남도 천안시 안서동 337-2",127.188934,36.838025,"메가시티1"
"388","충청남도 천안시 영성동 67-2",127.152285,36.799421,"영성펜타폴리스25"
"389","충청남도 천안시 원성동 446-3",127.163706,36.811171,"경성그린"
"390","충청남도 천안시 원성동 452-5",127.161427,36.809672,"신성맨숀"
"391","충청남도 천안시 청당동 980",127.160972,36.779137,"행정타운두산위브더파크"
"392","충청남도 천안시 신부동 986",127.160362,36.816741,"신부동도솔노블시티동문굿모닝힐"
"393","충청남도 천안시 목천읍 신계리 166-22",127.210348,36.775014,"연합초원"
"394","충청남도 천안시 신부동 910",127.149948,36.820698,"우방유쉘(910)"
"395","충청남도 천안시 병천면 병천리 43-5",127.305416,36.767341,"신세계"
"396","충청남도 천안시 청당동 978",127.150848,36.778082,"청당동한양수자인블루시티"
"397","충청남도 천안시 원성동 582-1",127.160126,36.799051,"메가시티2"
"398","충청남도 천안시 원성동 299-8",127.153415,36.80543,"미림"
"399","충청남도 천안시 봉명동 513",127.137077,36.80623,"봉서산아이파크"
"400","충청남도 천안시 용곡동 580",127.135422,36.791944,"용곡마을동일하이빌(2단지)"
"401","충청남도 천안시 영성동 20-1",127.15087,36.804428,"형우이즈뷰아파트"
"402","충청남도 천안시 영성동 80-4",127.150958,36.802253,"파고다"
"403","충청남도 천안시 안서동 546",127.188934,36.838025,"안서코아루"
"404","충청남도 천안시 목천읍 신계리 288-1",127.206575,36.772508,"이스트블루"
"405","충청남도 천안시 다가동 7-1",127.148719,36.796713,"국민(가,나)"
"406","충청남도 천안시 신부동 905",127.151149,36.820812,"우방유쉘(905)"
"407","충청남도 천안시 안서동 192-1",127.188934,36.838025,"안서2차e-편한세상"
"408","충청남도 천안시 성황동 45-9",127.150136,36.814024,"씨티뷰(원룸)"
"409","충청남도 천안시 청당동 992",127.146823,36.779767,"청당코오롱하늘채"
"410","충청남도 천안시 성황동 34-3",127.151812,36.814601,"성황비둘기"
"411","충청남도 천안시 봉명동 110-4",127.138425,36.810038,"공작(가나)"
"412","충청남도 천안시 봉명동 40-218",127.138647,36.803388,"한양"
"413","충청남도 천안시 사직동 112-1",127.147793,36.802765,"보형"
"414","충청남도 천안시 영성동 5-3",127.15256,36.802447,"그랑채"
"415","충청남도 천안시 영성동 155",127.151447,36.797286,"금성3"
"416","충청남도 천안시 원성동 555-1",127.154693,36.801443,"우성5"
"417","충청남도 천안시 원성동 544-4",127.160263,36.803916,"경성"
"418","충청남도 천안시 봉명동 204-3",127.134651,36.811647,"e편한세상봉명아너리움"
"419","충청남도 천안시 다가동 6-50",127.148783,36.795823,"삼오연립(A동)"
"420","충청남도 천안시 사직동 214-26",127.147842,36.801286,"FIRSTIAN"
"421","충청남도 천안시 원성동 626-1",127.15703,36.798945,"비둘기(AB)"
"422","충청남도 천안시 성황동 45-15",127.149956,36.814288,"씨티뷰"
"423","충청남도 천안시 다가동 393-19",127.139767,36.798974,"학산"
"424","충청남도 천안시 원성동 595-6",127.155446,36.798813,"우성브이아이피"
"425","충청남도 천안시 봉명동 217-3",127.133646,36.802863,"남양"
"426","충청남도 천안시 문화동 179",127.150369,36.807407,"힐스테이트천안"
"427","충청남도 천안시 영성동 48-9",127.151359,36.802549,"형우이즈뷰아파트2차2동"
"428","충청남도 천안시 원성동 595-1",127.154958,36.798907,"평화"
"429","충청남도 천안시 오룡동 112-1",127.150526,36.804834,"정남캐슬"
"430","충청남도 천안시 청수동 218-94",127.153621,36.794791,"노브럴하우스"
"431","충청남도 천안시 신부동 499-3",127.16281,36.818813,"새한(7)"
"432","충청남도 천안시 봉명동 205-3",127.135221,36.809238,"세정"
"433","충청남도 천안시 신부동 494-9",127.160793,36.819565,"새한6"
"434","충청남도 천안시 쌍용동 558-6",127.133355,36.800616,"대우장미"
"435","충청남도 천안시 문화동 180",127.151682,36.80953,"천안역필하우스에듀시티(1단지)"
"436","충청남도 천안시 신부동 494-10",127.160335,36.81929,"새한(8)"
"437","충청남도 천안시 청수동 435",127.15313,36.791246,"청수행정타운금호어울림"
"438","충청남도 천안시 청당동 1001",127.153608,36.780207,"청당서희스타힐스"
"439","충청남도 천안시 문화동 181",127.151682,36.80953,"천안역필하우스에듀시티(2단지)"
"440","충청남도 천안시 청당동 1005",127.153608,36.780207,"행정타운센트럴두산위브"
